{"cameraMode":{"drawMode":0,"name":"Shaded","section":"Shading Mode"},"sceneLighting":true,"audioPlay":false,"sceneViewState":{"m_AlwaysRefresh":false,"showFog":true,"showSkybox":true,"showFlares":true,"showImageEffects":true,"showParticleSystems":true,"showVisualEffectGraphs":true,"m_FxEnabled":true},"in2DMode":false,"pivot":{"x":5.3961968421936039,"y":3.223052740097046,"z":16.865135192871095},"rotation":{"x":0.044617511332035068,"y":-0.08879788219928742,"z":0.0039826747961342339,"w":0.9950516223907471},"size":5.3097991943359379,"orthographic":false}